user_id,first_name,last_name
1,qui,non
2,repellendus,omnis
3,soluta,velit
4,voluptates,iusto
5,iusto,in
6,debitis,non
7,libero,corporis
8,deserunt,accusantium
9,nulla,ad
10,illo,culpa
11,vitae,tenetur
12,repellat,corrupti
13,perferendis,exercitationem
14,dolorem,saepe
15,rerum,rerum
16,sequi,molestiae
17,quia,commodi
22,aliquid,est
23,et,labore
24,et,tenetur
25,et,autem
26,necessitatibus,aut
27,repellat,iure
28,adipisci,natus
29,doloribus,velit
30,aperiam,consequuntur
31,iste,et
32,ullam,et
33,tenetur,maiores
34,qui,quas
35,iure,consequatur
36,ipsam,veritatis
37,voluptatem,atque
38,cupiditate,cumque
39,autem,distinctio
40,modi,at
41,placeat,molestias
56,laboriosam,quidem
57,praesentium,et
58,id,voluptatem
59,eveniet,architecto
60,qui,qui
61,sed,officia
62,repellendus,veritatis
63,laudantium,cupiditate
64,expedita,facilis
65,earum,praesentium
66,doloremque,illo
67,pariatur,rerum
68,cumque,autem
69,iusto,molestiae
70,nulla,sequi
71,qui,ipsam
72,molestiae,optio
73,et,reprehenderit
74,aut,molestiae
75,et,amet
76,neque,est
77,impedit,mollitia
78,aspernatur,labore
79,deserunt,enim
