user_id,supplier_name,supplier_website
0,labore,http://www.bernhard.com/
38449233,sint,https://pollich.com/non-animi-voluptatum-quia-modi-aut-incidunt.html
93547387,ut,http://wolff.org/aliquam-architecto-iusto-ipsa-aliquam.html
884679,alias,http://www.ebert.com/nulla-error-facere-perferendis-harum
89,consequatur,http://gerlach.com/qui-vero-voluptates-magni-quas-est-quo-rerum
408127,omnis,http://www.murray.com/
6,sit,http://franecki.info/nihil-in-et-quia-blanditiis-consequatur-modi-quos.html
56714705,non,http://www.leuschke.com/non-occaecati-ut-consequatur-vel
8932,cupiditate,http://funk.com/
84,eum,http://nikolaus.com/
11732,molestiae,http://mills.info/excepturi-veniam-eveniet-voluptas-eveniet-corporis.html
767,similique,http://www.simonis.net/
782,et,http://www.rogahn.net/sit-voluptate-in-accusantium-consequatur.html
7374,ullam,http://www.gleichner.com/facere-illum-inventore-laboriosam-molestiae-doloremque
259340,accusantium,http://pouros.info/ut-possimus-suscipit-nemo-blanditiis
914,autem,https://www.howell.info/repellendus-qui-eum-magnam-fugiat
7,at,http://www.gibson.biz/non-cumque-harum-consequatur-fuga-nam-molestiae-voluptas.html
57653577,eum,http://www.goodwin.com/nulla-odit-et-ex-et
6,vel,https://collier.org/laboriosam-officia-cum-ullam-laborum-rem-iure-inventore.html
5003618,accusamus,http://www.hermiston.com/id-sit-eveniet-ratione-non-ducimus-laudantium-asperiores
36156872,quasi,http://www.littel.com/
971105,quia,https://www.doyle.info/libero-unde-nostrum-amet-eos-aliquid
6008121,necessitatibus,http://www.bergnaum.com/facere-quia-hic-non-tempora-ullam-voluptatem.html
93365,sit,https://www.dickinson.biz/dolore-blanditiis-eaque-rerum
738920730,necessitatibus,https://nolan.com/quaerat-maiores-odit-est-fugiat.html
364151,rem,https://www.langworth.com/consequatur-explicabo-sit-qui-ut-optio-enim
614329010,debitis,http://www.beier.info/et-debitis-ut-aut.html
7519,aut,https://goyette.biz/et-fuga-qui-dolores-culpa-maxime.html
79,nemo,http://www.erdman.com/
5107,qui,http://ondricka.com/hic-consectetur-et-debitis-sit-voluptatem-omnis
261008478,sed,http://heathcote.info/
7607678,repellendus,http://www.russel.com/
9,laudantium,http://www.lueilwitz.info/nam-ipsum-illo-iusto-adipisci-iste
6616,expedita,http://www.lueilwitz.com/rerum-qui-consectetur-omnis-fugiat-rem-harum-rem.html
3432527,earum,https://www.cummings.com/iure-mollitia-vel-reiciendis-aut
42291,doloremque,http://www.lesch.com/excepturi-quas-necessitatibus-earum.html
931,pariatur,https://www.fisher.com/assumenda-et-at-dolores-molestias
634301,cumque,http://www.kilback.com/recusandae-nam-accusantium-et-ullam-modi-aut-id.html
637495044,iusto,http://www.heller.com/facilis-ut-impedit-id-doloremque-possimus-eius
774,nulla,http://gerhold.com/
132111,eveniet,https://www.lakin.com/voluptatem-est-corrupti-soluta-unde-mollitia-quisquam-velit
987104581,quis,http://hill.com/veritatis-ut-ipsum-voluptatibus-ipsum-ut
9029729,id,http://halvorson.com/
5925653,et,http://www.wisozk.net/rerum-consectetur-explicabo-eos-quos-fugit.html
39742,quia,https://kerluke.com/et-tempora-temporibus-saepe-dolor-at-saepe.html
82525,dolor,https://homenick.biz/facere-ratione-quae-quae-et.html
1712,et,https://www.mayer.net/deleniti-quo-quo-explicabo-cumque
4,et,http://www.graham.com/aut-expedita-a-dicta-qui-quia-tempore-quisquam
50149,aut,http://www.hyatt.com/velit-aut-dolore-nemo-quidem-amet-repudiandae-culpa
302,modi,http://kulas.info/
6348701,inventore,http://www.barton.com/eveniet-dolores-sit-neque-voluptatem-enim-nisi-vero
2011341,soluta,https://www.hahn.com/similique-vel-eos-earum-ut
91789,enim,http://barrows.org/ut-ut-eum-nihil-deserunt-voluptas-ipsam-deserunt
6394325,excepturi,http://www.nolan.com/
8208549,incidunt,http://johnston.biz/quas-at-vero-nemo-saepe
856,enim,http://www.lubowitz.com/consequatur-est-quae-assumenda-et-temporibus-est-eum
62843522,quaerat,http://mills.com/
932206101,autem,http://kuhn.net/
910,aliquam,http://lowe.com/sunt-ullam-corporis-culpa-iusto-et.html
83200,voluptates,http://koepp.info/consequuntur-odit-est-et-iusto
2311417,voluptatem,http://corkery.com/et-doloribus-et-cum-soluta-velit-earum-aut-qui
602335464,quidem,http://bahringer.com/magni-distinctio-saepe-nisi-voluptate-aliquid-velit-voluptatem-illum.html
3247288,soluta,http://www.king.com/
930113823,facere,http://www.turcotte.net/
551,deserunt,http://hintz.info/dolorem-nobis-at-consectetur-sapiente.html
630708,perferendis,http://hill.biz/quaerat-ex-explicabo-iste
1,pariatur,http://swift.com/
19,molestias,http://hahn.biz/
83319384,voluptatum,http://www.ratke.com/sit-sit-doloribus-velit-unde-aut
16,corporis,http://www.stroman.com/
5,nihil,https://www.boyle.net/neque-vero-fuga-ut-iusto-libero-ab-aut
416251,quasi,http://www.koss.org/
668,quia,http://pfannerstill.biz/occaecati-debitis-ratione-eveniet-expedita
110,rerum,http://rodriguez.info/
70474,dolorem,http://grady.biz/
21,ratione,http://feil.com/minima-quos-quas-aspernatur-est-eius-nesciunt-ut
425233706,possimus,http://schumm.com/
557351,repellendus,http://www.vonrueden.biz/
5,aut,http://hane.com/enim-a-soluta-sit-exercitationem-dolor-enim-sapiente-esse
2398,eum,http://www.brakus.info/est-sed-necessitatibus-qui-recusandae
14154920,quisquam,http://www.mckenzie.net/
319218260,qui,http://www.tromp.com/veritatis-cum-eos-doloremque-officiis-tempore-molestiae
85915,est,http://gaylord.biz/officia-et-quibusdam-dolore-hic-non
605737,est,http://okuneva.com/id-doloribus-impedit-rerum-consectetur-eligendi-rerum-quibusdam.html
0,sint,http://www.haag.biz/dolorum-rem-et-est-perspiciatis-explicabo-et-ex.html
67,laudantium,http://crooks.info/aut-mollitia-aut-architecto-error
809875,quia,http://www.waters.org/omnis-ut-dolor-tempora-est
910060,aut,https://toy.com/nihil-at-neque-animi-quis-sint-veritatis.html
704,sit,http://donnelly.org/omnis-velit-atque-ad
418122839,consequatur,http://www.schroeder.biz/velit-quos-amet-harum
3509882,aliquid,http://www.koch.com/dolor-non-vitae-molestias.html
75,quia,http://legros.net/quia-eveniet-assumenda-rem-dicta-quae-optio-quam.html
86,repellendus,http://www.jacobson.biz/reprehenderit-ullam-commodi-eveniet-totam-sapiente-quis-laudantium-corrupti
30240659,dolorem,http://reichel.com/autem-ducimus-officia-earum-ut.html
1729735,earum,http://www.ernser.com/voluptas-fuga-suscipit-eaque-non-nam-distinctio-omnis.html
59,quo,http://keebler.com/repellat-molestiae-doloribus-ut-ullam-a-minima-velit.html
25419,occaecati,http://franecki.biz/nihil-at-voluptatem-quia-exercitationem-accusantium-sit
32116,tempora,http://collins.biz/possimus-neque-eaque-ipsum-culpa-quia-ipsa
44,iste,http://www.borer.com/
7,minus,http://www.farrell.biz/rerum-praesentium-id-quia-enim-quia-accusamus-maxime
