"user_id","user_email","user_password","postal_code"
"1","sumit@temp.gmail.com","415263","124578"
"2","ubridgens1@wikia.com","kewih","896321"
"3","eskelcher2@oakley.com","mvjhgkj","564521"
"4","sizaac3@engadget.com","415263","142536"
"5","sbigadike4@wiley.com","wsxcde","098766"
"6","gewbanche5@unc.edu","98uik","463211"
"7","tlivick6@surveymonkey.com","ft654erfg","741963"
"8","ahirtz7@joomla.org","lknmr","656556"
"9","kragg8@bloglovin.com","23wew","852964"
"10","manan@gmail.com","1234","415263"
"11","acpc@1.com","ACPC-1st&10-1st","181002"
"12","sameer@gmail.com","98745","124578"
"13","ztellessonc@pagesperso-orange.fr","ihj3roih","152544"
"14","ndafterd@yellowbook.com","ihfio","123654"
"15","firafi4194@weirby.com","abcdfg","123826"
"16","beskriggef@vkontakte.ru","pulkit","852123"
"17","cboomesg@apache.org","kh34oth43","852369"
"1029","karan@email.com","748596","142536"
"18","harsh@bhaiya.com","daiict","202021"
"19","jiannuzzellii@wiley.com","jgroijy","741239"
"20","spuigj@foxnews.com","jwefkjh","789965"
"21","vdunleyk@businesswire.com","4oroi34h","645494"
"22","tlusherl@indiegogo.com","lkh3rkjh","545445"
"23","tcaudrelierm@blogtalkradio.com","74kjhd","545788"
"24","sburreln@storify.com","jhfyufg","548844"
"25","ffrighto@un.org","jgjhgfjgf","852369"
"26","rbernardop@bing.com","jyfhf","545454"
"27","cslackq@usa.gov","ngfjygkj,h","859641"
"28","jtorrancer@examiner.com","jhfjhf","845255"
"29","bferrieres@people.com.cn","jyfjyg","555555"
"30","dibant@unesco.org","hgfyufuf","898965"
"31","fskeelu@issuu.com","uighugiu","854123"
"32","gstonierv@topsy.com","utiohkug","789635"
"33","lgorsw@google.com",",utjygf","456321"
"34","bthomasonx@psu.edu","uyfyuf","789541"
"35","bbridgemany@gnu.org","kug","548688"
"36","ejoppz@youtube.com","kjgkhg","456321"
"37","rbendel10@huffingtonpost.com","ugyhg","789655"
"38","rmutimer11@furl.net",",jmg","124578"
"39","dklesl12@friendfeed.com","jhkjh","415263"
"40","ystruther13@goo.gl","tfyfuyg","456321"
"41","cmensler14@jugem.jp","OAf8OCnvM","121212"
"42","cavrahm15@exblog.jp","nvnbv","342312"
"43","bgosalvez16@t-online.de","htdf","342312"
"44","kswiggs17@wix.com","fdsfsdf","748596"
"45","fodby18@sciencedaily.com","harsf","741258"
"46","sadrien19@newsvine.com","fsdfds","415263"
"47","scotherill1a@google.pl","23edfrw","412587"
"48","kstubbings1b@about.me","werfcxsdf","123434"
"49","smould1c@list-manage.com","sdfgvcds","741258"
"1032","202001218@daiict.ac.in","71234","380021"
"50","lbertomieu1d@dropbox.com","2we34","741258"
"51","tmaccraw1e@irs.gov","1qw234","985698"
"52","nbedborough1f@newsvine.com","igfkj","741258"
"53","nleblond1g@spotify.com","2we43ed","741238"
"54","rmackereth1h@shinystat.com","2wdfd","985632"
"55","abowgen1i@zimbio.com","dfghdfg","145214"
"56","rjacobsohn1j@apple.com","859674","741234"
"57","epatience1k@indiegogo.com","3wsdfgh","098765"
"58","cstiegars1l@house.gov","1qaweds","234566"
"59","itaberner1m@ucoz.ru","7ujt","741235"
"60","biohananof1n@parallels.com","123wsa","741258"
"61","kcapper1o@kickstarter.com","qwedfcx","123456"
"62","rstannering1p@oracle.com","3ertygf","741852"
"63","dbeazley1q@si.edu","qwewsx","741852"
"64","magates1r@intel.com","234res","456765"
"65","edebischop1s@shinystat.com","32wsr4","987456"
"66","zglasbey1t@ehow.com","4tre","741526"
"77","kakeherst24@1688.com","345eew","741526"
"78","rbraunthal25@skyrock.com","wrwefrew","147256"
"1027","pulkit@storify.com","pulkit","121212"
"67","vpanons1u@xrea.com","2wer","741852"
"68","atruran1v@blinklist.com","kjy78","369852"
"69","dogaven1w@networksolutions.com","sdfrw3e","741852"
"70","jhoward1x@accuweather.com","sdft4ed","741852"
"72","dkubacek1z@360.cn","sdr43","147258"
"71","aonion1y@hp.com","98jhgf","369852"
"73","tgonnely20@networksolutions.com","rt4rw","963258"
"74","mmcgonigal21@businessinsider.com","84152","963254"
"75","gricciardo22@ucoz.ru","er323d","258369"
"76","adjorevic23@irs.gov","dsfge3","258365"
"99","biggulden2q@macromedia.com","1qwsde","145632"
"98","bonians2p@ycombinator.com","415263","415287"
"97","ewilkins2o@gravatar.com","trtfdsad","741859"
"96","dbee2n@cnbc.com","123wwde","788025"
"95","vdraye2m@nba.com","sadfgf3","741852"
"94","lmanson2l@dyndns.org","fr34erfa","145632"
"93","cblick2k@1und1.de","123sd","741563"
"92","nwallbanks2j@nationalgeographic.com","34ew3","748596"
"91","mbelchem2i@miibeian.gov.cn","dfsffe","435678"
"90","rrisen2h@huffingtonpost.com","dsfsdf","852966"
"89","sleopold2g@mashable.com","sdfsre","145236"
"79","dcordy26@mapy.cz","lkngr","458521"
"80","hfinney27@barnesandnoble.com",";klmsfelkmn","798545"
"81","jknowlson28@loc.gov","pomef","741236"
"82","hfalk29@com.com","lknmrlkn","342312"
"83","cfookes2a@github.io","OAf8OCnvM","342312"
"84","mdrewitt2b@tripod.com","oinwef","985698"
"85","khakes2c@cyberchimps.com","iewfij","565655"
"86","credmond2d@so-net.ne.jp",";lnwr","697878"
"87","jbeevens2e@weebly.com","lkmnewfk","124578"
"88","acraythorn2f@ask.com","lkmrf","415263"