user_id,supplier_name,supplier_website
3,soluta,http://www.bernhard.com/
4,voluptates,https://pollich.com/non-animi-voluptatum-quia-modi-aut-incidunt.html
5,iusto,http://wolff.org/aliquam-architecto-iusto-ipsa-aliquam.html
6,debitis,http://www.ebert.com/nulla-error-facere-perferendis-harum
7,libero,http://gerlach.com/qui-vero-voluptates-magni-quas-est-quo-rerum
8,deserunt,http://www.murray.com/
9,nulla,http://franecki.info/nihil-in-et-quia-blanditiis-consequatur-modi-quos.html
10,illo,http://www.leuschke.com/non-occaecati-ut-consequatur-vel
11,vitae,http://funk.com/
12,repellat,http://nikolaus.com/
13,perferendis,http://mills.info/excepturi-veniam-eveniet-voluptas-eveniet-corporis.html
14,dolorem,http://www.simonis.net/
15,rerum,http://www.rogahn.net/sit-voluptate-in-accusantium-consequatur.html
20,sequi,http://www.gleichner.com/facere-illum-inventore-laboriosam-molestiae-doloremque
21,quia,http://pouros.info/ut-possimus-suscipit-nemo-blanditiis
22,aliquid,https://www.howell.info/repellendus-qui-eum-magnam-fugiat
23,et,http://www.gibson.biz/non-cumque-harum-consequatur-fuga-nam-molestiae-voluptas.html
24,et,http://www.goodwin.com/nulla-odit-et-ex-et
25,vel,https://collier.org/laboriosam-officia-cum-ullam-laborum-rem-iure-inventore.html
26,accusamus,http://www.hermiston.com/id-sit-eveniet-ratione-non-ducimus-laudantium-asperiores
27,quasi,http://www.littel.com/
28,quia,https://www.doyle.info/libero-unde-nostrum-amet-eos-aliquid
29,necessitatibus,http://www.bergnaum.com/facere-quia-hic-non-tempora-ullam-voluptatem.html
30,sit,https://www.dickinson.biz/dolore-blanditiis-eaque-rerum
31,necessitatibus,https://nolan.com/quaerat-maiores-odit-est-fugiat.html
32,rem,https://www.langworth.com/consequatur-explicabo-sit-qui-ut-optio-enim
33,debitis,http://www.beier.info/et-debitis-ut-aut.html
34,aut,https://goyette.biz/et-fuga-qui-dolores-culpa-maxime.html
35,nemo,http://www.erdman.com/
60,qui,http://ondricka.com/hic-consectetur-et-debitis-sit-voluptatem-omnis
61,sed,http://heathcote.info/
62,repellendus,http://www.russel.com/
63,laudantium,http://www.lueilwitz.info/nam-ipsum-illo-iusto-adipisci-iste
64,expedita,http://www.lueilwitz.com/rerum-qui-consectetur-omnis-fugiat-rem-harum-rem.html
65,earum,https://www.cummings.com/iure-mollitia-vel-reiciendis-aut
66,doloremque,http://www.lesch.com/excepturi-quas-necessitatibus-earum.html
67,pariatur,https://www.fisher.com/assumenda-et-at-dolores-molestias
68,cumque,http://www.kilback.com/recusandae-nam-accusantium-et-ullam-modi-aut-id.html
69,iusto,http://www.heller.com/facilis-ut-impedit-id-doloremque-possimus-eius
70,nulla,http://gerhold.com/
71,eveniet,https://www.lakin.com/voluptatem-est-corrupti-soluta-unde-mollitia-quisquam-velit
72,quis,http://hill.com/veritatis-ut-ipsum-voluptatibus-ipsum-ut
73,id,http://halvorson.com/
74,et,http://www.wisozk.net/rerum-consectetur-explicabo-eos-quos-fugit.html
75,quia,https://kerluke.com/et-tempora-temporibus-saepe-dolor-at-saepe.html
76,dolor,https://homenick.biz/facere-ratione-quae-quae-et.html
77,et,https://www.mayer.net/deleniti-quo-quo-explicabo-cumque
78,et,http://www.graham.com/aut-expedita-a-dicta-qui-quia-tempore-quisquam
88,aut,http://www.hyatt.com/velit-aut-dolore-nemo-quidem-amet-repudiandae-culpa
