password,postal code
VKSAxoA3E,145516
5gUiQeKno,193579
ljSB4wUV,673208
96SYmq,950852
v4r48wRgTGys,298033
kA2T79rJ4zpu,418441
82TE50BJI,901410
OofNqyN7EQzq,852900
9EZW0H0WU,592765
Gx8AQSpdO,194729
3TR6a75jjWZw,665757
9k7c5jL7,961316
QAYpsUTM,241634
HaMAdVexlJG,596510
EXKnDvg,420871
1aEZfPDJpRwy,356416
VPoBsHVe,971576
3ZeTHYjI2ku,234172
4SMmImWQG,444252
MCx1ReuWS,816157
OTMuF93j7HP,179023
ukRQby4y7tH,116687
ujDeUy2qSn,416564
OAf8OCnvMq,449971
4PLb3am6VIIN,530580
u56nQ3y,133360
DwMFzJAlwI9w,627800
2gBTCg8,376153
U3nPQM,533120
XnvRrC,687646
Uypfbj4g,370929
fu1FEg,604714
VmU0jS9ue,317607
E374Ijn,618808
7vPtllqy,327789
YTrtGZurRa,753280
GlIr2Fy,727506
d0ohmX1rIRK,866666
To2cJb,151765
vbI0DOMA,633330
9iUNOcc1,978720
xLOQGY9q9fd,531810
FQge5Eena,916282
hvGQbhk,219485
C3OheaRbGF,938153
HVdY4EW9ttfw,868380
3JAt8u,816990
Zr6UVOOMZ,624506
p4Qpds,676523
eMq4Ac,205030
jmz2qOJQnwt,944650
2kE6V5XmqPA,293257
a3aCkadHW,202726
wAQ3U8T,543835
8B42xDmKLkW,332186
KQlAqp8YQ,602252
uxO2gqXIyXG,864083
jedccho9R9gi,529532
5TXdFFW,166728
VqxQYjvWwLK,232556
nB5y6IEG,647028
uqSGq7Aw,673987
puxAUEJgu,271459
KTVYwKgm,488097
lOIoUZQHwTJI,595140
2WRuCInqV,510257
QcHBlsy0PUiQ,241783
eM6fKajiOa8,567854
Z29KyTVy,751676
glo9BUma,545434
41r2j5F,573362
cn2Be65J6,491614
3K6BPGU8Kj0G,381361
7ZFRKVw7Dn5q,215162
qy5aozsB,175460
46JDK27fa,850556
vgXLQORLEjt,565503
cbU5xUyaGI,309002
PQlGEl,142575
dJAoftqyw3,605955
pxcSefeRo8B,739689
vNn3Ds,550031
4nKOfILRDs,654663
Mnz3a5N,724948
AtYG8v6XFH,800751
cd79Rr,676507
QybgPHIfuG,143410
BRlJRh,372085
hXyFEKs3Bju,492778
thYrYaw5H,784891
CX0ejM,509545
cyRubVjyHqW,137652
ZnvaCYSpnU2B,701432
010WNEq3cZ,399388
885fvy1By,411682
O1kVuUP2,395638
Li2Ptza0fYk,556681
Dl7xTY19RY,704775
f4TuIhzVHz8,215692
91lYNc8lT,154600
